,id,nombre,capacidad,mail,id_depto
0,0,Oihoy Casa Abierta,0.0,recepcion@oihoy.com.ar,02000
1,1,Carpe Diem,0.0,,02000
2,2,Casa Cultural Victor Jara,80.0,jbonadeo5@gmail.com,02000
3,3,El Tanque Cultural,300.0,Eltanquecultural@Gmail.Com,02000
4,4,Espacio Cultural Urbano,140.0,Espacioculturalurbano@Gmail.Com,02000
5,5,Emergente Club Almagro,250.0,Hugo.Enjoy@Gmail.Com,02000
6,6,La Casa De Teresa Israel,0.0,,02000
7,7,Centro Cultural La Grieta,,,02000
8,8,Centro Cultural Raices,60.0,centroculturalraices@yahoo.com.ar,02000
9,9,Alcarajo Centro Cultural,0.0,Alcarajobarcultural@Gmail.Com,02000
10,10,Centro Cultural Atlantix,0.0,Info@Atlantix.Com.Ar,02000
11,11,Cc Molokai,0.0,,02000
12,12,Mi Casa,150.0,787Aguero@Gmail.Com,02000
13,13,Espacio Cafferana 86,,,02000
14,14,La Casona De Los Amigos,150.0,Silviasargoni@Yahoo.Com,02000
15,15,La Casa De Luca Prodan,0.0,Arielbelont_Web@Hotmail.Com,02000
16,16,Club 921,300.0,Sickclub@Hotmail.Com,02000
17,17,Centro Cultural Mamita,450.0,Julieta.Moldero@Gmail.Com,02000
18,18,Espacio Simona,100.0,Culturalsimona@Gmail.Com,02000
19,19,Casa Jache,130.0,Habilitaciones27@Gmail.Com,02000
20,20,Centro Cultural Che Pugliese,,,02000
21,21,Casa De Arcos,130.0,Consultas@Casadearcos.Com.Ar,02000
22,22,Centro Cultural Manuel Ugarte,,,02000
23,23,Espacio Cultural Resurgimiento,0.0,Resurgimiento@Fibertel.Com.Ar,02000
24,24,Teatrarte,50.0,Gladuran@Yahoo.Com.Ar,02000
25,25,"Centro Cultural ""MALVINAS ARGENTINAS""",,,02000
26,26,Centro Cultural Din,0.0,,02000
27,27,El Cultural Masala,50.0,Elculturalmasala@Gmail.Com,02000
28,28,La Instalacion,100.0,Lainstalacion@Yahoo.Com.Ar,02000
29,29,Dumont,220.0,Juani_Marinati@Hotmail.Com,02000
30,30,Estación De Los Deseos,,,02000
31,31,Espacio Cultural Dinamo,80.0,davidprotte@hotmail.com,02000
32,32,Fundacion Hastinapura,25.0,Caballito@Hastinapura.Org.Ar,02000
33,33,E.C.U Espacio Cultural Uocra,0.0,,02000
34,34,Casa Belgrado,,espaciobelgrado@gmail.com,02000
35,35,CENTRO CULTURAL ASOCIACIÓN MUTUAL HOMERO MANZI,,asociacionmutualhomeromanzi@gmail.com,02000
36,36,Besares Club De Cultura,145.0,Gracielaschettini@Hotmail.Com,02000
37,37,Espacio Cultural Centro Comunitario Juanito Laguna,,,02000
38,38,Asociacion Civil Centro Cultural Deodoro Roca,20.0,Pablo-Avalos0@Hotmail.Com,02000
39,39,Kowalski Club De Cultura,60.0,Elbardekowalski@Gmail.Com,02000
40,40,Ritmos Sabrosos,100.0,Ritmossabrosos@Gmail.Com,02000
41,41,Centro Cultural Gran Sur ,150.0,Holagransur@Gmail.Com,02000
42,42,La Madriguera,,madriguerainstitucional@gmail.com,02000
43,43,Centro Cultural El Surco,100.0,infoelsurco@gmail.com,02000
44,44,Bolivar 852,120.0,Info.Bolivar@Gmail.Com,02000
45,45,Espacio Boliv.ar,,anadevanna@gmail.com,02000
46,46,Dragon,0.0,Mada.2014.Bs@Gmail.Com,02000
47,47,Casa Cultural Pepa Noia,300.0,Noraromero2001@Yahoo.Com.Ar,02000
48,48,Paprika,50.0,Jonilosi@Gmail.Com,02000
49,49,Espacio Moebius,0.0,Info@Moebiuseditora.Com,02000
50,50,El Desparrame,150.0,Tvalenzuela2588@Gmail.Com,02000
51,51,"Escuela Popular de Arte ""Esther Ballestrino""",,elhormigueroorg@gmail.com,02000
52,52,Casa Cultural De Anibal Troilo Multiespacio Cultural,80.0,,02000
53,53,Casa De La Provincia De Buenos Aires,0.0,,02000
54,54,CAMARGO 1020 ESPACIO DE ARTE,,camargo1020espaciodearte@gmail.com,02000
55,55,Club Premier,451.0,Info@Clubpremier.Org.Ar,02000
56,56,Auditorio ATE Capital,,,02000
57,57,Ideas Descabelladas,,,02000
58,58,Centro Kultural Trivenchi,200.0,Cktrivenchi@Gmail.Com,02000
59,59,Espacio Cultural Del Sur,0.0,Cculturalsur@Yahoo.Com.Ar,02000
60,60,Centro Cultural El Cantaro,0.0,Ccelcantaro@Gmail.Com,02000
61,61,El Mas Aca Club Cultural,150.0,Coordinacion@Elmasacaclub.Com,02000
62,62,Centro Cultural G.I.T.,0.0,,02000
63,63,Centro Cultural Comunarte,,germanlperez@yahoo.com,02000
64,64,La Conversa,,,02000
65,65,Sigue La Polilla,233.0,Seguilapolilla@Gmail.Com,02000
66,66,Fundación Naum Knop,,,02000
67,67,Cátulo. Casa Cultural,,pedrocriscolo@hotmail.com,02000
68,68,Universidad Popular de Belgrano Alfredo Fazio y Biblioteca Popular,,informes@upebe.com.ar,02000
69,69,Dottore Malatesta,150.0,Dottore.Malatesta@Hotmail.Com,02000
70,70,Espacio Cultural Eureka,50.0,Marianaalzaga@Gmail.Com,02000
71,71,La Arena,,informesarena@yahoo.com.ar,02000
72,72,Centro Cultural Traicionalista El Fortin De Celia Rocha,0.0,,02000
73,73,Espacio Cultural Benigno,50.0,Info@Ecbenigno.Com.Ar,02000
74,74,CECAM - Centro Cultural de las Artes del Movimiento,,clases@cecam.com.ar,02000
75,75,Cangrejos Centro Cultural,0.0,Cangrejoshouse@Gmail.Com,02000
76,76,CENTRO DE DESARROLLO DEL TANGO Y LA CULTURA RIOPLATENSE,,,02000
77,77,Centro Arzuano Mellidense - Cam -,0.0,Arzuanomellidense@Gmail.Com,02000
78,78,CASA DE LA CULTURA LOS COMPADRES DEL HORIZONTE,,maria.telez@gmail.com,02000
79,79,Conservatorio Grassi Urquiza,50.0,Ramiroroballos@Gmail.Com,02000
80,80,Latinoamericana Comunicacion Capacitacion Cultura,50.0,Centroculturallatinoamericana@Gmail.Com,02000
81,81,Complejo Artmedia,,,02000
82,82,Feliza Cultura Arcoiris,300.0,Felizaculturaarcoiris@Gmail.Com,02000
83,83,Vuela El Pez,168.0,Elmaildelpez@Gmail.Com,02000
84,84,El Arbol Cultural (Sas) / La Casa Del Arbol,94.0,Dintitucional.Arbol@Gmail.Com,02000
85,85,Centro Cultural Chilavert Recupera,0.0,grupodeteatrocomunitariodepompeya@yahoo.com.ar,02000
86,86,Azucar De Artes Y Danzas Argentinas Afro Y Centroamericanas,800.0,Azucarabasto@Hotmail.Com,02000
87,87,Fundacion Hastinapura,25.0,Guscanzobre@Gmail.Com,02000
88,88,La Quince Espacio Cultural,150.0,laquincecultural@gmail.com,02000
89,89,Centro Cultural de la Cooperación - CCC -,583.0,secretaria@centrocultural.coop,02000
90,90,Centro Cultural Buda Bar,500.0,Amigarzabal@Gmail.Com,02000
91,91,Espacio Valeu,150.0,Rodcarrizo@Gmail.Com,02000
92,92,Shambala,0.0,G_Balbiani@Hotmail.Com,02000
93,93,Centro Cultural Plan B,250.0,Emmanuelraggi@Hotmail.Com.,02000
94,94,Espacio Cultural Defensa,0.0,,02000
95,95,Centro Cultural de la Memoria Haroldo Conti,0.0,prensaconti@gmail.com,02000
96,96,Beethoven Cafe Bar,50.0,Beethovencafe@Outlook.Com,02000
97,97,Espacio Cultural Chacra De Los Remedios,0.0,Chacradelosremedios@Gmail.Com,02000
98,98,Munar,0.0,,02000
99,99,Casa Brandon,120.0,Lisa@Brandon.Org.Ar,02000
100,100,Espacio37,140.0,Anet_Mat@Hotmail.Com,02000
101,101,"ANDUMA, ESPACIO CULTURAL",,,02000
102,102,La Paternal Espacio Proyecto,0.0,,02000
103,103,Casa Dasein,60.0,Casa.Dasein@Gmail.Com,02000
104,104,Centro Cultural El Ph,150.0,Msonemblum@Gmail.Com,02000
105,105,Espacio Saoco,111.0,Jaimebreard@Gmail.Com,02000
106,106,Cdca,,,02000
107,107,Otra Historia,145.0,otrahistoriasala@gmail.com,02000
108,108,Club Cultural Malvinas Argentinas,,,02000
109,109,Despierta,,,02000
110,110,Casa De Cultura Y Politica Sofia Yussen - Casa Sofia,80.0,Runakay.Kudaw@Gmail.Com,02000
111,111,Buenos Aires Dance Club,150.0,Evaholc@Hotmail.Com,02000
112,112,Enjambre,100.0,centroenjambre@gmail.com,02000
113,113,Xua Espacio Cultural,,xuaespaciocultural@gmail.com,02000
114,114,El Emergente Abasto,150.0,Hugo.Enjoy@Gmail.Com,02000
115,115,Casa Colombo,800.0,Estudio.Pgbaires@Gmail.Com,02000
116,116,ESQUINA REBELDE,,esquinarebelde@gmail.com,02000
117,117,Otro Lado,100.0,Mariarinaldi@Hotmail.Com,02000
118,118,La Brecha,0.0,,02000
119,119,Dulce,,augustozaquetti@gmail.com,02000
120,120,Cumaco,,Cristobalm18@Hotmail.Com,02000
121,121,Centro Cultural De La Ciencia - C3,0.0,Contacto@Ccciencia.Gob.Ar,02000
122,122,Espacio Cultural Juan Rodo,80.0,Contacto@Escuelajuanrodo.Com.Ar,02000
123,123,Laboratorio De Festival,0.0,Salomonemartin@Gmail.Com,02000
124,124,Club Social Y Deportivo Yupanqui,200.0,,02000
125,125,Jungla Habitat Cultural,0.0,,02000
126,126,Ladran Sancho,94.0,ladrandoestamos@gmail.com,02000
127,127,Vibra,100.0,Vibra.Culturamov@Gmail.Com,02000
128,128,The Monkeys,0.0,,02000
129,129,El Quetzal,150.0,mvicec@gmail.com,02000
130,130,Fundacion Hastinapura,0.0,Aquilesodisea@Gmail.Com,02000
131,131,Fundacion Hastinapura,25.0,Escuelaganesh@Hastinapura.Org.Ar,02000
132,132,El Donn,,,02000
133,133,Work,350.0,Nerinabarros@Gmail.Com,02000
134,134,Espacio Pichuco,,espaciopichuco@gmail.com,02000
135,135,Asociacion Calabresa Mutual Y Cultural,0.0,Asociacioncalabresa@Asociacioncalabresa.Org.Ar,02000
136,136,Feeling Multiespacio,150.0,Feelingmultiespacio@Gmail.Com,02000
137,137,Centro Cultural Richards,0.0,Centroculturalrichards@Gmail.Com,02000
138,138,Mango,150.0,Mavidetta@Gmail.Com,02000
139,139,Congo Club Cultural,150.0,Info@Congoclubcultural.Com.Ar,02000
140,140,La Herreria,150.0,Laherreriacultura@Gmail.Com,02000
141,141,Casona Cultural Humahuaca,50.0,Comunitariacasona@Gmail.Com,02000
142,142,Urda Espacio Cultural,110.0,Jpcipriota@Gmail.Com,02000
143,143,Celia Blanco,0.0,Quemastango@Yahoo.Com,02000
144,144,Escape,60.0,Arieljasovich@Gmail.Com,02000
145,145,Fundacion Mercedes Sosa,0.0,,02000
146,146,Chela,0.0,,02000
147,147,Centro Cultural Leopoldo Gonzalez,0.0,,02000
148,148,Auditorio CTA Capital,,,02000
149,149,Jj Circuito Cultural,250.0,Jjcircuitocultural@Gmail.Com,02000
150,150,Tano Cabrón,,tanocabron.info@gmail.com,02000
151,151,Espacio EK' arte.movimiento,,espacioek@gmail.com,02000
152,152,Centro Cultural De La India Güngur,,info@gungur.com,02000
153,153,Espacio Cultural Marco Del Pont,0.0,ccmarcodelpont@buenosaires.gov.ar,02000
154,154,La Escalera Espacio De Arte,50.0,espaciolaescalera@fibertel.com.ar,02000
155,155,Doup,300.0,Axel@Doup.Com.Ar,02000
156,156,Centro Cultural Nuestra América,,ccnuestraamerica@hotmail.com,02000
157,157,Centro Cultural Teatro Fray Mocho,98.0,teatrofraymocho2003@yahoo.com.ar,02000
158,158,Casailda,50.0,casailda@yahoo.Com,02000
159,159,Chana - Usina Juan Gelman,0.0,,02000
160,160,Centro Cultural Recoleta,0.0,,02000
161,161,Casa Rock,450.0,Pablo@Onplayproducciones.Com.Ar,02000
162,162,Gorriti Art Center,235.0,Www@Gorritiartcenter.Com,02000
163,163,El Ceibo - Espacio Cultural,60.0,Lukmmarqhotmail.Com,02000
164,164,Espacio Sueños,150.0,Contacto@Espaciosuenios.Com,02000
165,165,Centro Barrial y Cultural La Bonavena,,vallexar@gmail.com,02000
166,166,La Confiteria,250.0,Info@La-Confiteria.Com,02000
167,167,Espacio La Tribu,0.0,Rafabinaghi@Gmail.Com.,02000
168,168,Centro Cultural No Me Olvides,,,02000
169,169,Espacio Marechal,69.0,Familiamarechal@Gmail.Com,02000
170,170,Espacio Cultural Almagro,,,02000
171,171,Deira,750.0,Cristian.Adrian.C@Outlook.Com,02000
172,172,Espacio Salvo,,gonzalopombo79@gmail.com,02000
173,173,Luzuriaga Club Social,90.0,Info@Luzuriaga.Club,02000
174,174,Poncho Club Cultural,100.0,Ponchoclubcultural@Gmail.Com,02000
175,175,ARQUEOTERRA ,,arqueoterra1@gmail.com,02000
176,176,Wara Wara,0.0,,02000
177,177,Galpon Cultural El Hueco,0.0,,02000
178,178,Casa Maza,100.0,,02000
179,179,La Minga Club Cultural,50.0,lamingaclubcultural@gmail.com,02000
180,180,Las Mil Y Un Artes Centro Cultural,0.0,Lasmilyunartes@Yahoo.Com.Ar,02000
181,181,Batacazo Cultural,50.0,Lulicorre@Hotmail.Com.,02000
182,182,Espacio Cultural Lineas De Fuga,0.0,Espaciolineasdefuga@Gmail.Com,02000
183,183,Centro Cultural La Estrada,0.0,Partidoaestrada@Gmail.Com,02000
184,184,Bonus Truck,0.0,Bonustrackespacio@Gmail.Com,02000
185,185,Cacuca,0.0,,02000
186,186,Casa Clorinda,150.0,casaclorinda@gmail.com,02000
187,187,Nueva Caledonia,300.0,Clubcaledonia@Gmail.Com,02000
188,188,La Paz Arriba,0.0,Lapazarriba@Gmail.Com,02000
189,189,Cultural Moran,150.0,Contacto@Culturamoran.Com,02000
190,190,Estacion de los Deseos,,fernandodhaini@yahoo.com.ar,02000
191,191,La Cazona De Flores,150.0,Dhpicotto@Gmail.Com,02000
192,192,Hunterbier De Pezzano Roberto Ariel,150.0,Roberto1Pezzano@Gmail.Com,02000
193,193,Leon Leon,60.0,ccleonleon@gmail.com,02000
194,194,Casa Rodolfo Walsh,150.0,Santiagocordero@Gmail.Com,02000
195,195,Cultural Vivvo,,,02000
196,196,Centro Cultural Sofía Gempel Arte,,,02000
197,197,Espacio Cultural Que Tren Que Tren,,quetrenquetrencultural@hotmail.com,02000
198,198,Multiespacio La Comunidad Del Sotano / Comunidad Multiespacio,136.0,Info@Lacomunidaddelsotano.Com.Ar,02000
199,199,Laboratori Estudio,,gonzaloarbutti@gmail.com,02000
200,200,Laborando,,espacio@laborando.com.ar,02000
201,201,Multiespacio Korova,80.0,Sachamovil@Gmail.Com,02000
202,202,Club De Musica,139.0,Alebilotte@Hotmail.Com,02000
203,203,Stand Up Club,,info@standupclubrecoleta.com,02000
204,204,Centro Cultural de España en Buenos Aires,,info.cceba@aecid.es,02000
205,205,La Scala De San Telmo,102.0,Scala@Lascala.Org.Ar,02000
206,206,La Casa Roja,0.0,Espaciocreativoelectronica@Gmail.Com,02000
207,207,Area 623,,contacto@area623.com.ar,02000
208,208,Multiespacio Pasco,0.0,Multiespaciopasco@Gmail.Com,02000
209,209,ESPACIO EL ZONKO,,fidelguigui@gmail.com,02000
210,210,Ame Triglav,,,02000
211,211,Asoc. Civil La Bombocova,0.0,,02000
212,212,Centro Cultural Adan Buenos Aires,284.0,,02000
213,213,Espacio Cultural San Andres,0.0,Espaciocultural@Sanandres.Org.Ar,02000
214,214,Clasico Fernandez,72.0,Info@clasicofernandez.com.ar,02000
215,215,El Universal,118.0,Info@Eluniversalespaciocultural.Com,02000
216,216,Centro Cultural Vamos A Andar,0.0,,02000
217,217,REDUCI- MUTUALIDAD ITALIANA DE EX COMBATIENTES ,,,02000
218,218,Club Cultural Matienzo,400.0,info@ccmatienzo.com.ar,02000
219,219,Estudio Kalo,,holaestudiokalo@gmail.com,02000
220,220,Espacio Pujol,50.0,,02000
221,221,IMPA Centro Cultural IMPA La Fábrica,200.0,lafabricaciudadcultural@infovia.com.ar,02000
222,222,El Taller De Jacinto Espacio De Arte,150.0,Liliana_Olmo@Yahoo.Com.Ar,02000
223,223,Oceanario Club Cultural,95.0,eloceanario@gmail.com,02000
224,224,Complejo Cultural Sanidad,0.0,Complejocultural@Atsa.Org.Ar,02000
225,225,Rincon Casa Cultural,80.0,Marian-Silvi@Hotmal.Com,02000
226,226,Jaciento Oviedo,0.0,,02000
227,227,Planta Alta,95.0,Adrianfermanelli@Gmail.Com,02000
228,228,Ter,80.0,Agusdp84@Hotmail.Com,02000
229,229,El Puente,150.0,Elpuente9810@Hotmail.Com,02000
230,230,EspecialCultural Bar,,especialvideobar@gmail.com,02000
231,231,Espacio Cultural Tinta Roja,,tintarojaec@gmail.com,02000
232,232,La Chilinga,,showslachilinga@gmail.com,02000
233,233,Comunes,,,02000
234,234,Casa Epuyen,,terraza.cultural.hidalgo@gmail.com,02000
235,235,Casa Safiras,,celestesafiras@gmail.com,02000
236,236,Centro Cultural Maleza,,clubculturalmaleza@gmail.com,02000
237,237,"La Peatonal, Espacio Cultural",,lapeatonal.espaciocultural@gmail.com,02000
238,238,Zugarra Casa Cultural,,zugarramurdi.aquelarrecultural@gmail.com,02000
239,239,MAGMA,,nicolascremonese@gmail.com,02000
240,240,Polo Bandoneon,0.0,,02000
241,241,La Muda,,lamuda609@gmail.com,02000
242,242,921 Casa Cultural,50.0,921.Casacultural@Gmail.Com,02000
243,243,El Tipografico,150.0,Eltipograficoac@Gmail.Com,02000
244,244,Fundacion Hastinapura,150.0,Boedo@Hastinapura.Org.Ar,02000
245,245,La Bisagra,0.0,,02000
246,246,Cusca Risun,91.0,,02000
247,247,Alter Ego,90.0,Tarekhaiek@Hotmail.Com,02000
248,248,Saldias Polo Cultural,0.0,,02000
249,249,Otro Divague Espacio De Arte,20.0,Otrodivague@Gmail.Com,02000
250,250,Arte Xxi,100.0,Estudioarqi.Tearte@Gmail.Com,02000
251,251,Amarama Patio Cultural,,amaramatalleres@gmail.com,02000
252,252,Casa Gatica,0.0,,02000
253,253,Caff - Club Atletico Fernandez Fierro,100.0,Hola@Caff.Com.Ar,02000
254,254,Cultural Titi Rossi,,,02000
255,255,Naranja Verde,50.0,naranjaverdearte@gmail.com,02000
256,256,Cc Amigos De Eladia Blasquez,150.0,,02000
257,257,Casa El Mate,50.0,Casaelmate@Gmail.Com,02000
258,258,Centro Cultural San Martin,0.0,Ccgsm@Buenosaires.Gob.Ar,02000
259,259,Panda Rojo Espacio Cultural,80.0,,02000
260,260,Ciudad Cultural Konex,2380.0,info@ciudadculturalkonex.org,02000
261,261,Centro Cultural Macedonia,,,02000
262,262,Swing City,,,02000
263,263,Ifa,99.0,Nicolasperezcosta@Hotmail.Com,02000
264,264,Centro Cultural De Arte Y Movimiento - Baila Ba!,200.0,Aldomariano@Webzero.Com.Ar,02000
265,265,Club Boddah,,,02000
266,266,Asociacion Ucrania De Cultura Provista En La Republica Argentina,150.0,prosvita.argentina@gmail.com,02000
267,267,Soria,0.0,Mpettinari@Hotmail.Com,02000
268,268,Sociedad Luz,0.0,Infosociedadluz@Gmail.Com,02000
269,269,Centro Ana Frank ,,argentina@annefrank.nl,02000
270,270,Tacuari Tango,100.0,,02000
271,271,Tierra Violeta,30.0,info@tierra-violeta.com.ar,02000
272,272,La Casa,45.0,Lacasa@Lacasacasting.Com,02000
273,273,Cooperativa Cultural Qi,100.0,Quivillacrespo@Gmail.Com,02000
274,274,La Senda,50.0,cclasenda@gmail.com,02000
275,275,Centro Cultural El Sueñero,60.0,Vhvargas2003@Yahoo.Com.Ar,02000
276,276,Centro Cultural 25 De Mayo,466.0,Cc25Comunicacion@Gmail.Com,02000
277,277,Escash Espacio Cultural,,,02000
278,278,Espacio Cultural Domus Artis,,info@domusartis.com.ar,02000
279,279,Centro Cultural Nueva Uriarte,130.0,,02000
280,280,Centro Cultural Ernesto Sabato,0.0,elsabato@econ.uba.ar,02000
281,281,Espacio Dos Puntos,,info@espaciodospuntos.com.ar,02000
282,282,Flores Solidario,,floressolidario@gmail.com,02000
283,283,La Turba,0.0,Laturbabarcultural@Gmail.Com,02000
284,284,Morris,200.0,Listasmaxim@Gmail.Com,02000
285,285,El Galpon,0.0,Emartingoroso@Gmail.Com,02000
286,286,Chau Che Clu,300.0,Chaucheclu@Gmail.Com,02000
287,287,Oliverio Girondo,0.0,Oliveriocc@Gmail.Com,02000
288,288,Centro Cultural Borges- Fund.Para Artes,0.0,info@ccborges.org.ar,02000
289,289,Espacio Cultural Garcia,0.0,,02000
290,290,Cazadores De Arte,,,02000
291,291,Espacio Inboccalupo,80.0,teatrobar@yahoo.com,02000
292,292,"DYNART, Espacio de arte",,info@dynart.com.ar,02000
293,293,Mojitos De Cuba,150.0,Aratrelles@Yahoo.Com.Es,02000
294,294,Centro Politico Cultural El Hormiguero,150.0,,02000
295,295,Galpon Cultural Piedrabuenarte,0.0,galponpiedrabuenarte@hotmail.com,02000
296,296,Centro Cultural de Adolfo Alsina,,cultura@adolfoalsina.gov.ar,06007
297,297,Centro Cultural Poeta Barbieri,,cultura@alberti.gov.ar,06021
298,298,"Espacio y Casa Cultural ""El Refugio""",,,06028
299,299,Centro Cultural de Adrogue - Sala Bárbara Mujica,130.0,consultas@culturaldeadrogue.com.ar,06028
300,300,La Casa Espacio de Debate y Cultura,120.0,marcelo@hecultura.com,06028
301,301,Los Bemoles,,infolosbemoles@gmail.com,06028
302,302,Casa Municipal de la Cultura de Almte. Brown,,ema@brown.gob.ar,06028
303,303,El Derrumblé,,,06028
304,304,Arte en Movimiento,,profeadrianabronzatti@gmail.com,06028
305,305,Centro Cultural Lanza Sabaris,,landasabaris@gmail.com,06028
306,306,Casa Elefante,,silviimarcellino@gmail.com,06028
307,307,Deshoras Club de Música y Artes ,,deshorasclub@gmail.com,06028
308,308,LA CASA,,info@lacasaclaypole.org.ar,06028
309,309,Centro de Participación Comunitaria del Suburbio,,,06028
310,310,Casa De Chamigos,,casadechamigos@gmail.com,06028
311,311,Centro Cultural Florentino Ameghino,200.0,msumacri@yahoo.com.ar,06035
312,312,Centro Cultural Bella Vista,200.0,bmquetglas@gmail.com,06035
313,313,Centro Cultural La Casa del Flaco,80.0,"infolacasadelflaco@gmail.com,",06035
314,314,Asociación Cultural y Folklórica Martín Fierro ,,,06035
315,315,Barracas al Sud,0.0,,06035
316,316,Centro Cultural A Cielo Abierto,,colectivocieloabierto@gmail.com,06035
317,317,Sociedad de Fomento Bartolomé Mitre,0.0,,06035
318,318,Centro Cultural Justo Lynch,70.0,centroculturaljustolynch@gmail.com,06035
319,319,Centro Cultural Patas Arriba,150.0," ccpatasarriba@gmail.com,horacioformoso@gmail.com",06035
320,320,Centro Cultural La Curtiembre,200.0,matias_perrotta@hotmail.com,06035
321,321,Centro Cultural Hogares La Paz,50.0,puntoculturalmda@gmail.com,06035
322,322,Hugo Caruso,0.0,,06035
323,323,Sociedad de Fomento Villa J. Nuñez,250.0,,06035
324,324,Sociedad de Fomento y Cultura Gral. Lavalle,150.0,sfomentogenerallavalle@gmail.com,06035
325,325,Sociedad de Fomento y Cultura Barrio Agüero,100.0,,06035
326,326,Sociedad de Fomento Villa Argentina,100.0,,06035
327,327,El Semillero - Fábrica de Arte,,clubsanmartindesarandi@gmail.com,06035
328,328,Centro Cultural 13 de Julio,,,06035
329,329,Sociedad de Fomento Villa Mercado,300.0,alejandramendez@outlook.com,06035
330,330,Sociedad de Fomento Villa Echenagucia,100.0,,06035
331,331,Sociedad de Fomento Martin de Guemes,150.0,,06035
332,332,Sociedad de Fomento Villa Bernasconi,0.0,,06035
333,333,Sociedad de Fomento y Cultura Juan Bautista Alberdi,140.0,marisaines2010@hotmail.com,06035
334,334,Surdanza,200.0,surdanza@gmail.com,06035
335,335,Sociedad Cosmopolita de Socorros Mutuos Unión de Wilde,200.0,uniondewilde@hotmail.com,06035
336,336,Sociedad de Fomento Lucio Mansilla,0.0,,06035
337,337,Sociedad de Fomento Honor y Fuerza,90.0,sdefhonoryfuerza@gmail.com,06035
338,338,Centro Cultural Carlino II,60.0,carlinocultural@gmail.com,06035
339,339,Centro Cultural Alas del Sur,70.0,soledadcaimi@hotmail.com,06035
340,340,Centro Cultural Lo de Alber,,manugauna@hotmail.com,06035
341,341,Sociedad de Fomento Villa Marconi,0.0,,06035
342,342,Azucena Villaflor,0.0,ccavgerli@gmail.com,06035
343,343,Sociedad de Fomento Manuel Benito Gonnet,0.0,,06035
344,344,Club de Circo Kamaj Pacha,100.0,kamajpacha_circo@hotmail.com.ar,06035
345,345,Centro Cultural Carlino,100.0,sandramartinez004@gmail.com,06035
346,346,Polideportivo Gabino Alegre,500.0,,06035
347,347,Centro Cultural Un Grito de Corazón,150.0,pabloma@hotmail.com,06035
348,348,Casa Rayuela,10.0,casaculturalrayuela@gmail.com,06035
349,349,Giros,0.0,,06035
350,350,Centro Cultural La Calle Larga,100.0,lacallelarga@hotmail.com,06035
351,351,Fundación Isla Maciel,0.0,contacto@fundacionislamaciel.org,06035
352,352,Sociedad de Fomento Villa Avellaneda,0.0,,06035
353,353,Centro Cultural Nosotros Somos Ellos,,nosotrossomosellos@hotmail.com,06035
354,354,Juana Azurduy,70.0,ccj.azurduy@gmail.com,06035
355,355,Centro Cultural 1° De Mayo,,,06035
356,356,Centro Cultural A Cielo Abierto Armando Labollita,,ccarmandolabollita@gmail.com,06035
357,357,Centro Cultural Nueva Esperanza 2000 ,500.0,puntoculturalmda@gmail.com,06035
358,358,Sociedad de Fomento Gral. Pico,250.0,,06035
359,359,Sala de exhibición de artes visuales Del Carmen Casa Club,,info@salondelcarmen.com.ar,06035
360,360,Centro Cultural Quinta Galli Este,100.0,,06035
361,361,Centro Cultural La Sociedad / Sociedad de Fomento y Cultura Manuel Ocampo,250.0,sfmanuelocampo@gmail.com,06035
362,362,Cooperativa Cimarrón de Comunicación y Cultura,,irieveloso@gmail.com,06035
363,363,Sarandiarte Espacio Cultural,300.0,sarandiarteespaciocultural@gmail.com,06035
364,364,Sembrando Soberanía ,,fernandabirman071@gmail.com,06035
365,365,Centro Municipal de Arte de Avellaneda  CMA,500.0,centromunicipaldearte@gmail.com,06035
366,366,Sociedad de Fomento Wilde Este,0.0,guidojaviermasso@gmail.com,06035
367,367,Sociedad de Fomento Villa San Martín e Ideal,150.0,,06035
368,368,Club Reconquista de Suipacha,0.0,,06035
369,369,Sociedad Recreativa Cultural Deportiva y Fomento Idea Felíz,300.0,,06035
370,370,Sociedad de Fomento Villa Gral San Martin de Pobladora,0.0,,06035
371,371,Centro Cultural Nueva Esperanza,50.0,Hernán,06035
372,372,Centro Cultural Azucena Villaflor,,ccavgerli@gmail.com,06035
373,373,Centro Cultural Giros,,federicofalcone@live.com.ar,06035
374,374,Centro Cultural El Matute Cultural,80.0,mariano_bragan@hotmail.com,06035
375,375,Centro Cultural Juana Azurduy,70.0,ccj.azurduy@gmail.com,06035
376,376,Centro Cultural El Bastión,,,06035
377,377,Casa Cultural Mapuche ´´Ruka Kimun Mapuche´´,,rukakimun@hotmail.com,06056
378,378,KÁNIKA,,espaciokanika@gmail.com,06056
379,379,Maroma,,,06056
380,380,Vitró,,,06056
381,381,Espacio por el Arte EPA,0.0,espacioporelarte@gmail.com,06056
382,382,Centro Cultural La Panadería,0.0,cclapanaderia@googlegroup.com,06056
383,383,Espacio Cultural Motor Colectivo,,espacioculturalmotorcolectivo@hotmail.com,06056
384,384,Pez Dorado Espacio Cultural,,pezdoradoespaciocultural@gmail.com,06056
385,385,Espacio Hamaca,0.0,espaciohamaca@live.com.ar,06056
386,386,Centro cultural Evita,,,06056
387,387,Factor C Espacio de encuentro,0.0,,06056
388,388,La Casa Del Fondo,,,06063
389,389,Zirkoa Espacio en movimiento,,melissavalenti9@gmail.com,06063
390,390,Centro Cultural Atilio Marinelli,0.0,,06084
391,391,Casa Cultural Julieta Lanteri ,,agustina.bellasartes@gmail.com,06091
392,392,Centro Cultural Leon F. Rigolleau,0.0,,06091
393,393,Casa Zeta,,,06098
394,394,Florencio Constantino,750.0,mmcatolica@gmail.com,06112
395,395,EL MOLINO CULTURAL,,elmolinocultural@gmail.com,06119
396,396,Centro Cultural La Rosa,0.0,,06126
397,397,Centro Cultural Volver,,,06134
398,398,Centro Cultural 7 de Mayo,,,06147
399,399,Isidoro espacio de Arte,,isidoroarte@gmail.com,06203
400,400,Escuela de Actividades Culturales Dora Pietranera de Donadio,0.0,,06210
401,401,Cuerpos en Movimiento Espacio de Arte Escénico,,,06224
402,402,"Restituyendo derechos, construyendo futuro",30.0,chavo_etche@hotmail.com,06238
403,403,Residencia Artística Dos Ombúes,,radosmbues@gmail.com,06238
404,404,Centro Cultural Malvinas Argentinas,,,06245
405,405,Centro Cultural Mil Flores,,facundofidelgomez@gmail.com,06245
406,406,Sala Ensueños,,,06252
407,407,Unión Vecinal Garin Oeste,0.0,,06252
408,408,"ALMA, Espacio de Arte",,agtedesco@hotmail.com,06252
409,409,Casa Popular Marielle Franco			,,Ignaciodevedia@gmail.com,06252
410,410,Centro Cultural El Galpón,0.0,eventos1.estebanecheverria@gmail.com,06260
411,411,Casa de la Cultura de Madariaga,0.0,,06315
412,412,Espacio cultural producciones independientes,,alejandro_manzo@hotmail.com,06315
413,413,Mundo Dios,,mundodios@gmail.com,06357
414,414,Club Tri,184.0,clubtri@trimarchidg.net,06357
415,415,América Libre,200.0,difusionamericalibre@gmail.com,06357
416,416,Centro Cultural Osvaldo Soriano (Ex J. M. De Pueyrredón),0.0,programacion@cultura-mgp.com.ar,06357
417,417,Espacio de arte AmArt,,amartcultura@gmail.com,06357
418,418,La Casa de Enfrente,0.0,,06357
419,419,Centro Cultural Taller Lascano,,lascanodigital@gmail.com,06357
420,420,Casa Intermitente,,casaintermitente@gmail.com,06357
421,421,Los Duendes,,ameghino.rodriguez@gmail.com,06357
422,422,La Papallona Tetería Cultural,,,06357
423,423,Casa Popular Maria Claudia Falcone,,malenavald@gmail.com,06371
424,424,Centro Cultural y Deportivo los Amigos de Villa Sarmiento,,marioacruz83@hotmail.com,06371
425,425,Centro Cultural Plaza,0.0,complejoculturalplaza@gmail.com,06371
426,426,IF Investigaciones del Futuro,,,06371
427,427,Auditorio Hugo del Carril,,,06371
428,428,Centro Cultural y Biblioteca Popular la Carcova,,bibliocarcova.comunicacion@gmail.com,06371
429,429,MÚSICA EN SAN MARTÍN,,,06371
430,430,Centro Cultural La Bemba,,cclabemba@gmail.com,06371
431,431,Centro Cultural y artístico Ana Pavlova,0.0,culturalpavlova@gmail.com,06371
432,432,Centro Cultural Espacios,65.0,info@ccespacios.com,06371
433,433,Centro Cultural Leopoldo Marechal,0.0,,06408
434,434,La Bicicletería,,ragno.santiago@gmail.com,06410
435,435,Casa Frida,,,06410
436,436,Centro Cultural Bernardino Rivadavia,0.0,,06410
437,437,Huellas de Fuego,,ceciliamaluli@gmail.com,06412
438,438,Centro Cultural Paceño Asociación Civil,,centroculturaljcp@gmail.com,06412
439,439,CASA DE LA CULTURA PENSAR JUNIN,,pensarjunin@gmail.com,06413
440,440,Dada club de arte,,javiermattioli@gmail.com,06413
441,441,Junta Vecinal de Laferrere 12 de Octubre,,,06427
442,442,Centro Cultural Leopoldo Marechal,0.0,,06427
443,443,Centro de Estudios Sociales y Culturales La Locomotora,,mauro84.mr@gmail.com,06434
444,444,Espacio Disparate Casa de Artes,90.0,acartecontodos@gmail.com,06434
445,445,Casa de La Cultura Villa Elisa,300.0,casadeculturavillaelisa@gmail.com,06441
446,446,Centro Recreativo Intercultural de Artes Crisoles,0.0,crisoleslp@gmail.com,06441
447,447,Viejo Almacen El Obrero,100.0,viejoalmacenelobrero@gmail.com,06441
448,448,Centro cultural de buena madera,,info@tallerdebuenamadera.com.ar,06441
449,449,Centro Cultural Joaquín Areta ,,,06441
450,450,Centro Cultural Calle Uno ,,calleuno.cultura@gmail.com,06441
451,451,El Sótano Club Cultural,,espacioelsotano@gmail.com,06441
452,452,Colibrí arte y cultura platense,120.0,perezmariamelina@gmail.com,06441
453,453,El Medio Aljibe,,,06441
454,454,Sala El Angel Gris,0.0,,06441
455,455,Asociación Cultural Daniel Omar Favero,,culturalfavero@yahoo.com.ar,06441
456,456,Laberinto Casa Club,150.0,laberintocasaclub@gmail.com,06441
457,457,Centro Cultural Estación Provincial,100.0,estacionprovincial_talleres@yahoo.com.ar,06441
458,458,Centro Cultural El Faldón ,,elfaldon@gmail.com,06441
459,459,Centro Cultural La Vuelta de Obligado ,,,06441
460,460,CIUDAD DE GATOS,,,06441
461,461,Prisma Espacio Creativo,,prismaespaciocreativo@gmail.com,06441
462,462,Centro Cultural Islas Malvinas ,,ultreyanat@gmail.com,06441
463,463,Centro Cultural La Carpintería ,,,06441
464,464,Residencia Corazón,,corazonresidencia@gmail.com,06441
465,465,Centro Cultural Ojalá ,,,06441
466,466,El Conventillo Centro Cultural,,conventillo.cultura@gmail.com,06441
467,467,El Bosquecito Vivero Experimental. Espacio Cultural ,,,06441
468,468,Centro Cultural Área Chica ,,pollocanevaro@hotmail.com,06441
469,469,Doble-T,,espaciodoblet@gmail.com,06441
470,470,La Casa espacio cultural,,lacasa.estudiodanza@gmail.com,06441
471,471,"La Bicicletería, Creación Colectiva",100.0,bicicleteriacreacioncolectiva@gmail.com,06441
472,472,Centro Cultura y Comunicación,,,06441
473,473,46 Multiespacio Cultural,,multiespacio46@gmail.com,06441
474,474,Casa Lealtad Peronista Lili Ferrari ,,casalealtadperonista@gmail.com,06441
475,475,Centro Cultural Camarada Pereyra CCCP,,l_revas@yahoo.com.ar,06441
476,476,Club Cultural Casa Unclan,180.0,cccasaunclan@gmail.com,06441
477,477,Casa de Cultura y Peña La Salamanca,200.0,casalasalamanca@yahoo.com.ar,06441
478,478,Casa Lumpen Club Cultural Cannabico ,,,06441
479,479,Casa Jirón (FUNDACION DE DEFENSA SOCIAL FUDESO),,palo.torello@gmail.com,06441
480,480,Casa Zaragoza ,,hermanoszaragozalp@gmail.com,06441
481,481,CIPAE,0.0,estudiocipae@gmail.com,06441
482,482,Centro Cultural C’est la Vie ,120.0,,06441
483,483,Centro Cultural El Amor y la Igualdad ,,cc.elamorylaigualdad@gmail.com,06441
484,484,Casa Pulsar ,,casapulsarcultura@gmail.com,06441
485,485,Centro Cultural El Núcleo,,barataria@sinectis.com.ar ,06441
486,486,Centro Cultural Social y Político Olga Vázquez ,,,06441
487,487,Colectivo Arte al Ataque ,,artealataque@gmail.com,06441
488,488,La GranSiete Arte y Cultura,,lagran7arteycultura@hotmail.com,06441
489,489,En Eso Estamos-Fábrica Cultural,120.0,enesoestamo@gmail.com,06441
490,490,Espacio Cultural Juana Azurduy ,,eljuanalaplata@gmail.com,06441
491,491,Centro Cultural Julio López Los Hornos  ,,,06441
492,492,Centro Cultural y Polideportivo Los Hornos,,ccploshornos@hotmail.com,06441
493,493,Casa Popular Hugo Bacchi ,,cphugobacci@gmail.com,06441
494,494,Ruda,,rudaespacio@gmail.com,06441
495,495,La Macacha,,lamacachacentrocultural@gmail.com,06441
496,496,Centro Cultural Azulunala,0.0,,06441
497,497,Espacio SU.DA.KA.,, espaciosudaka@gmail.com,06441
498,498,Grupo La Grieta,,,06441
499,499,La Chicharra,,,06441
500,500,Ciudad Vieja,,ciudadviejalp@gmail.com,06441
501,501,Galpon de las artes,,galpondelasartesmeridianov@gmail.com,06441
502,502,Centro Cultural Viejo Almacén El Obrero,,viejoalmacenelobrero@gmail.com,06441
503,503,La Hormiguera Espacio Cultural,,barcarlotto@gmail.com,06441
504,504,La Vecindad Cultural Nacional y Popular ,,vecindadnacionalypopular@gmail.com,06441
505,505,Espacio Cultural Leonardo Favio ,,elfavio.cultural@gmail.com,06441
506,506,Centro Cultural Trémula ,,,06441
507,507,Centro Cultural Jacarandá ,,eljacarandacasadecultura@gmail.com,06441
508,508,La Caipo,70.0,lacaipoprod@gmail.com,06441
509,509,Integración Comunitaria por la Salud Mental Una Movida de Locos,,movidadelocos@gmail.com,06441
510,510,El Puente Arte y Cultura ,,elpuentearteycultura@gmail.com,06441
511,511,Pura Vida Bar,200.0,,06441
512,512,CENTRO CULTURAL MACÁ,,centroculturalmaca@gmail.com,06441
513,513,Mil Flores La Plata ,,,06441
514,514,El Galpón de Tolosa ,,elgalpondetolosa@yahoo.com.ar,06441
515,515,Macá Cultura ,,centroculturalmaca@gmail.com,06441
516,516,Centro Recreativo y Cultural Villa Raffo,,,06441
517,517,Casa de Cultura,0.0,,06469
518,518,Centro Nativo Acuyai,0.0,,06483
519,519,Casa de la Cultura de Lobos,,casadelaculturadelobos@gmail.com,06483
520,520,Cosecha - Espacio musical,,cosecha.espaciomusical@gmail.com,06490
521,521,Casa Carlos Fuentealba,,,06490
522,522,Sede Fiorito,0.0,cclzfiorito@lomasdezamora.gov.ar,06490
523,523,MONOCICLO CLUB DE ARTE,,karisavich@hotmail.com,06490
524,524,Padre Mugica,0.0,ccpadremugica@gmail.com,06490
525,525,Centro Cultural y Social No Me Olvides,0.0,info@ccnomeolvides.com.ar,06490
526,526,CUATRO XXI,120.0,cuatroxxi@gmail.com,06490
527,527,Sede San José,0.0,,06490
528,528,Sede Banfield Oeste Darragueira,0.0,,06490
529,529,Cantinflas,0.0,cccantinflas@gmail.com,06490
530,530,La Troupe,,tallereslatroupecirco@gmail.com,06490
531,531,Espacio Asterisco,,asterisco.espacio@gmail.com,06490
532,532,Complejo Cultural Banfield Teatro Ensamble,250.0,programacionensamble@gmail.com,06490
533,533,Centro Cultural Teatro El Refugio,120.0,elrefugiodebanfield@gmail.com,06490
534,534,Centro de Estudios Teatrales y Artísticos C.E.T.A.,0.0,contacto@estudioceta.com.ar,06490
535,535,Sede Banfield Este El Ceibo,0.0,,06490
536,536,"Casa Cultural ""Las Mirabal""",,juanignaciomontana.31@gmail.com,06490
537,537,Club Social Maipu,,,06511
538,538,Centro Integrador Comunitario en el  Barrio Santo Domingo,100.0,,06511
539,539,Casa popular Unidos por el barrio,,lilianaestelalopez@hotmail.com.ar,06515
540,540,La Cultural Dumer,200.0,laculturaldumer@gmail.com,06532
541,541,Casa Balero,,,06532
542,542,Centro Cultural Julio Cesar Gioscio,0.0,,06532
543,543,Centro Cultural La Gotera,,vaneascher@hotmail.com,06532
544,544,SUTEBA Merlo,0.0,merlo@suteba.org.ar,06539
545,545,Sede COI,0.0,,06539
546,546,El galpón del Encuentro,,,06539
547,547,La Antigua Cultural,,laantiguacultural@gmail.com,06539
548,548,Centro Cultural y Social Patas para Arriba,,laura.alem@yahoo.com,06539
549,549,Espacio Cultural Homero Manzi,0.0,,06539
550,550,Centro Cultural Municipal Poeta Enrique Uza,0.0,,06547
551,551,Casa Laurel,,,06568
552,552,El Transformador,,sabrinagosp@gmail.com,06568
553,553,El Galpón de Haedo,,elgalpondehaedo@gmail.com,06568
554,554,La Puerta Creativa,,lapuertacreativahaedo@gmail.com,06568
555,555,La Casita Arte,,lacasitarte@hotmail.com,06568
556,556,Centro Cultural y Biblioteca Popular Enrique Santos Discépolo,0.0,info@culturaldiscepolo.org,06568
557,557,Unidad Barrial Social y Cultural Jesús Aguinagalde,,pachu196266@gmail.com,06581
558,558,La Esquina Arte y Cultura,,veronica_paulucci@hotmail.com,06588
559,559,"Insurgente, Espacio Cultural Independiente",,,06595
560,560,Club Atlético Hinojo,280.0,fernandacanggianelli@hotmail.com,06595
561,561,La Yumba,,layumbaolavarria@gmail.com,06595
562,562,MACONDO MUTUAL DE ARTE POPULAR DE OLAVARRIA,,macondoolav@gmail.com,06595
563,563,Casa de la Cultura Carmen De Patagones,0.0,,06602
564,564,Casa de la Cultura,0.0,casadelaculturapergamino@hotmail.com,06623
565,565,Galpón Del Arte Barrio Kennedy,50.0,galpondelarte@yahoo.com.ar,06623
566,566,SerEnArte,,info@serenartepilar.com.ar,06638
567,567,Media Vuelta Club de Artes Urbanas,,mediavueltaclub@gmail.com,06638
568,568,Casa De La Cultura,,cculturaveronica@gmail.com,06655
569,569,Centro Cultural Polaridades,0.0,camunedithnora@yahoo.com,06658
570,570,El Garelli - Asociación Civil Villa Valdocco,,julieta.caceres89@gmail.com,06658
571,571,Centro Cultural Eduardo Galeano,,cc.edugaleano@gmail.com,06658
572,572,Casa Rodolfo Walsh,,,06658
573,573,La Pacha Espacio Cultural,,gayosoana65@gmail.com,06658
574,574,Asociación Civil Amigos de “El Viaje de los Títeres”,,viajetiteres@yahoo.com,06658
575,575,Comunidad Contemporanea,,comunidadcontempo@gmail.com,06658
576,576,Estudio 1 Originarte,0.0,,06658
577,577,Casa de la Cultura,0.0,,06658
578,578,Artenpie,0.0,artenpie@hotmail.com,06658
579,579,La Pieza,,espondaburumariano@gmail.com,06672
580,580,Casa evita,,,06686
581,581,Centro Cultural Roque Perez,0.0,,06693
582,582,Espacio Taller Crear,,sejope77@gmail.com,06700
583,583,Centro Municipal de Cultura S.A Giles,0.0,,06728
584,584,Centro cultural Casa Evita,,,06728
585,585,Sociedad de Fomento Bartolomé Mitre,0.0,mansillarh@yahoo.com.ar,06749
586,586,Tinku Teatro Centro Cultural,,tinku.teatro1@gmail.com,06749
587,587,Estacion 1857,,estacion1857@gmail.com,06756
588,588,Ateneo Cultural Nestor Kirchner,,Lorena_gomez21@hotmail.com,06756
589,589,Teatro 9 de Julio ,0.0,,06756
590,590,Fundación Crear Vale La Pena,60.0,info@crearvalelapena.org.ar,06756
591,591,Club Artístico y Social Arenga,,,06756
592,592,Taller de La Ribera,0.0,tdelaribera@gmail.com,06756
593,593,Centro Cultural Raices,0.0,,06760
594,594,La troupe del aire,,latroupedelaire@hotmail.com,06763
595,595,Cooperativa Las Canaletas,,cooplascanaletas@yahoo.com.ar,06770
596,596,Casa del Pueblo Vecinos Solidarios,,jime.spotti@gmail.com,06778
597,597,El Culturón,,daniel.gamarra.fusion@gmail.com,06778
598,598,Minowa Centro Cultural,,,06778
599,599,La Compañía Tandil,40.0,lacompatandil@hotmail.com.ar,06791
600,600,Centro Arte y Parte,,admsipymes@gmail.com,06791
601,601,Centro Cultural Atrapasueños,,marianelavallazza@gmail.com,06791
602,602,Salón Danés,,salondanestandil@gmail.com,06791
603,603,Macanudo,,macanudorestobar@gmail.com,06791
604,604,CENTRO SOCIAL Y CULTURAL LA VÍA,,jorgetripiana2019@gmail.com,06791
605,605,Centro Cultural Itinerante El Musguito,,analiaumpierrez@gmail.com,06791
606,606,Sociedad Italiana de Tigre,0.0,sociedad_italiana_tigre@hotmail.com,06805
607,607,Alas de Tigre,,alasdetigre@gmail.com,06805
608,608,Casa de las Artes Tacuarí,,casadelasartestigre@gmail.com,06805
609,609,Casa de Fuego,,,06826
610,610,Asociación de Fomento Martín Coronado,,asodefomento.martincoronado@gmail.com,06840
611,611,Asociación cultural Arte y Vida,,info@acarteyvida.com.ar,06840
612,612,Centro Cultural Raíces Compañeras,150.0,raicescompaneras@gmail.com,06840
613,613,Fusión 3,,,06840
614,614,Espacio La Tuerca,,,06840
615,615,Centro Cultural Alto Espacio,,,06840
616,616,Centro Cultural Carlos Auyero,,bcentrocultural@aol.com,06840
617,617,Centro Cultural Andrés Ferreyra,,radiocaseros@hotmail.com,06840
618,618,Centro Cultural Juana Azurduy,,jcgatto@yahoo.com.ar,06840
619,619,Centro Cultural La Casa deTodos,,centroculturallacasadetodxs@gmail.com,06840
620,620,"La Galerita, experiencias creativas",,lagalerita@gmail.com,06861
621,621,Estudio MV,,estudiodedanzasmv@gmail.com,06861
622,622,Foro de las Ciencias y las Artes,50.0,info@forodelascienciasylasartes.com,06861
623,623,Asociación Civil Centro Cultural Tiempos de Memoria,,tiemposdmemoria@gmail.com,06861
624,624,Asociación Civil La Rueda Educación Popular,,joaquin.noya@gmail.com,06861
625,625,La Pajarera,0.0,,06861
626,626,Casa de la Cultura Municipal,0.0,culturavtelopez@arnet.com.ar,06861
627,627,El Faro,0.0,centroculturalelfaro@gmail.com,06861
628,628,La Galpona - laboratorio de ideas,,lagalpona@yahoo.com,06861
629,629,Teatro Homero Manzi,0.0,,06868
630,630,CASA DE LA CULTURA HILARIO ASCASUBI,,culturaascasubi@gmail.com,06875
631,631,ESTACIÓN NICOLAS LEVALLE,,beatrizcar24@hotmail.com,06875
632,632,Casa de la Cultura de Pedro Luro,,ipetersen@luronet.com.ar,06875
633,633,Forum Cultural,0.0,,06882
634,634,Centro Cultural Policarpo,,policarpohost@gmail.com,10021
635,635,Cooperativa de Trabajo Cachalahueca Ltda,,cachalahueca@yahoo.com.ar,10021
636,636,La Osera Casa Cultural,,,10049
637,637,La Nube Galpon de las Artes - Catamarca,,lanubecatamarca@gmail.com,10049
638,638,El Cebil,,recorremundos@gmail.com,10049
639,639,La casita. Arte y eventos,50.0,lacasitaartecatamarca@gmail.com,10049
640,640,Qhispina Casa Albergue- Espacio Cultural,,,10049
641,641,La Primitiva ,,marinesmarinaro@gmail.com,10049
642,642,Casa De La Cultura de Catamarca,,casadelaculturageneralroca@gmail.com,10049
643,643,Centro Cultural Patria Grande ,,ccultural.patriagrande@gmail.com,10049
644,644,El Galpón Club de Salud,,contactanos@elgalponclubdesalud.com,10063
645,645,Centro Cultural Amarillo,,brunocat83@hotmail.com,10063
646,646,BRUJA MULTIESPACIO,,bruja.multiespacio@gmail.com,10084
647,647,Centro de Cultura y Trabajo Comunitario  Villa Dolores,,ccytcvilladolores@gmail.com,10112
648,648,Casa 33,,,10112
649,649,Almazenna Teatro Casa de Culturas ,70.0,almazenna@gmail.com,14014
650,650,Espacio Urda,50.0,espaciourdacba@gmail.com,14014
651,651,Centro Cultural Casona Municipal,120.0,casonamunicipalcordoba@gmail.com,14014
652,652,Fresca Viruta Espacio,60.0,frescavirutatiteres@gmail.com,14014
653,653,Centro Cultural Córdoba,200.0,centroculturalcordoba@gmail.com,14014
654,654,Centro Cultural Tinku Arte,,aubritluis@hotmail.com,14014
655,655,La Burbuja Circo,,laburbujacirco@gmail.com,14014
656,656,Centro Cultural Villa el Libertador,100.0,cculturalvillaellibertador@gmail.com,14014
657,657,Centro De Arte Contemporáneo  C.A.C,,chateau.cultura@gmail.com,14014
658,658,Centro Cultural La Piojera,,,14014
659,659,"Bendita, Arte y Sanación",,jakydance@yahoo.com.ar,14014
660,660,Irradiando,,irradiandoelartedeeducar@gmail.com,14014
661,661,Centro Cultural Discepolín,,discepolincc@gmail.com,14014
662,662,Centro Cultural España Córdoba,0.0,lavacaresponde@ccec.org.ar,14014
663,663,Centro Cultural Casa de Pepino,50.0,comunicacion.cccp@gmail.com,14014
664,664,LAN El Parisino,700.0,,14014
665,665,Espacio  artístico  Universo de Sueños,,info@xn--universodesueos-brb.es,14014
666,666,Comarca de Creadores,,comarcadecreadores@gmail.com,14014
667,667,La Parisina Casa de Arte ,65.0,laparisinacasadearte@gmail.com,14014
668,668,Casa Grote,95.0,totolopez2013@gmail.com,14014
669,669,Centro Cultural Paseo de las Artes,80.0,,14014
670,670,La Casa Colectiva,,lacolectivacba@gmail.com,14014
671,671,Estudio Escénico La Potosí,,,14014
672,672,Centro Cultural General Paz,70.0,centroculturalgeneralpaz@gmail.com,14014
673,673,Espacio Cultural Museo de las Mujeres,0.0,,14014
674,674,Centro Cultural Alta Córdoba - Efrain Bischoff,120.0,ccaltacba@yahoo.com.ar,14014
675,675,El Hormiguero,,,14014
676,676,Estudio E,,estudio_e@hotmail.com,14014
677,677,Centro Cultural San Vicente,150.0,ccsanvicente@hotmail.com,14014
678,678,Escafandra Espacio Cultural Comunitario,,,14014
679,679,Club Social y Deportivo Agua de Oro,200.0,clubsocialydeportivoaguadeoro@gmail.com,14021
680,680,Río arriba cultural,,danielguardia@gmail.com,14021
681,681,"Pico de tinta, espacio taller",80.0,picodetinta@gmail.com,14021
682,682,Buena Vista,,buenavistaprensa@gmail.com,14021
683,683,Espacio Cultural El Crespin,,,14021
684,684,Espacio Cultural La Vertiente,0.0,,14021
685,685,Centro Cultural Cooperativo Casa Azul,0.0,casaazulcentrocultural@gmail.com,14021
686,686,MANSA MANSION A LA VERA DEL RIO,,,14021
687,687,Centro Cultural Municipal El Parque,70.0,arteenelparque@salsipuedes.gov.ar,14021
688,688,La Casa de la Cultura,0.0,culturayeducacion@unquillo.gov.ar,14021
689,689,El Recodo del sol,60.0,recododelsol@gmail.com,14021
690,690,"Oniria, espacio de artistas cooperativxs",,,14021
691,691,Casa de la Cultura Marcelo Pais,100.0,culturasms@hotmail.com.ar,14028
692,692,Casa de la Cultura,0.0,,14035
693,693,Centro Cultural Municipal,600.0,culturayturismo@deanfunes.gob.ar,14049
694,694,Sociedad Italiana,300.0,,14056
695,695,Centro Cultural Municipal,150.0,alejoledesma@live.com.ar,14063
696,696,Salón Centro Cultural Municipal,500.0,cultura.arias@gmail.com,14063
697,697,Centro Cultural Polivalente Eva Perón,600.0,miriam.cuenca@hotmail.com,14070
698,698,Espacio Cultural Las Chicharras,,eduardodsolana@gmail.com,14091
699,699,Espacio Social y Cultural Proponiendo Sueños,,emcamposn2@gmail.com,14091
700,700,Eden Hotel,500.0,edenhotellafalda@gmail.com,14091
701,701,Club Alemán ASCA,250.0,rosmary-1943@hotmail.com,14091
702,702,Centro Holístico Allá Arriba,70.0,holisticoallaarriba@gmail.com,14091
703,703,Espacio Cultural Takay Nina ,,fernando2martin@yahoo.com.ar,14091
704,704,Centro Cultural Raices Soberanas,,yamilaboruso@gmail.com,14091
705,705,Espacio Sur ,,,14091
706,706,CENTRO CULTURAL KAIKEN ,,patricialonso2011@gmail.com,14091
707,707,Centro Cultural Leonardo Favio,500.0,,14098
708,708,Mixtura,,mixturariocuarto@hotmail.com,14098
709,709,Casa De La Cultura Río IV,,,14098
710,710,LA LA LA CENTRO ARTISTICO,,,14098
711,711,El Viejo Cooke,,,14098
712,712,Centro Cultural Agua Escondida - Casa Museo Atahualpa Yupanqui -,,contacto@fundacionyupanqui.com.ar,14112
713,713,Casa de la Cultura,0.0,,14119
714,714,Centro Cultural María Elena Walsh,,centroculturalmew@gmail.com,14133
715,715,Espacio cultural Los Molles,,,14133
716,716,La Urpila espacio cultural,,,14133
717,717,Centro Cultural y Recreativo,450.0,munisanbartolo@hotmail.com,14140
718,718,Sociedad Italiana de Socorros Mutuos Unión y beneficiencia,578.0,sociedaditaliana@coopmorteros.com.ar,14140
719,719,Cañito Cultural,,,14147
720,720,Cineclub Casero,,cineclucasero@gmail.com,14147
721,721,Casa de la Cultura - Museo de la Ciudad,80.0,direcciondecultura@altagracia.gov.ar,14147
722,722,Espacio Abierto José de la Quintana,,eltallerdegatucho@hotmail.com,14147
723,723,Fundación Holderlin,30.0,contacto@fundacionholderlin.com.ar,14147
724,724,Asociación Italiana de Socorros Mutuos Giusseppe Mazzini,378.0,nelly-aimar@hotmail.com,14161
725,725,Espacio Cultural Coliseo,,espacioculturalcoliseo@gmail.com,14182
726,726,"Cantalicio ""Club social y cultural""",200.0,,18021
727,727,Centro Cultural Siete Corrientes - Sala Flotante -,60.0,ccflotante@gmail.com,18021
728,728,La Pépinière,,lapepinierecorrientes@gmail.com,18021
729,729,Espacio Bohemio Corrientes,,,18021
730,730,Centro Cultural La Mansión Fundación Tangara,80.0,fundacionculturaltangara@gmail.com,18021
731,731,ESPACIO CULTURAL SAENZ PEÑA CHACO,,,22021
732,732,La Fabrica Cultural ,,anibalmagnetico@yahoo.com.ar,22077
733,733,LA MARAÑA,,,22077
734,734,Centro Cultural La Plaza,250.0,,22098
735,735,Centro Cultural 10 de Noviembre,150.0,carloswerlen@yahoo.com.ar,22112
736,736,Esto no es una Academia,,diegofiguer@gmail.com,22126
737,737,Centro cultural “La Flota”,200.0,culturadebarranqueras@gmail.com,22140
738,738,CAMALOTE CENTRO CULTURAL ,,camalotecentrocultural@gmail.com,22140
739,739,Multiespacio Federación Médica del Chaco,342.0,,22140
740,740,Nanas suena bien,,nanassuenabien@gmail.com,22140
741,741,Complejo Cultural Provincial Guido Miranda,0.0,,22140
742,742,Nido centro de artes,,nido.centro@gmail.com,22140
743,743,Casa de las Culturas,0.0,prensa.casadelasculturas@gmail.com,22140
744,744,Centro Cultural Espacio Maracuyá,,consultas.maracuya@gmail.com,22140
745,745,Espacio Cultural Mil Flores Barranqueras,,barretojosefeliciano23@gmail.com,22140
746,746,ESTE ESPACIO CULTURAL,,,22140
747,747,Centro de Cultura Popular CECUPO,,cecupo07@gmail.com,22140
748,748,Centro Cultural Alternativo  CE. CU. AL ,70.0,cecual.info@gmail.com,22140
749,749,La Vaca Atada,,,22140
750,750,El Entusiasmo,,estusiasmaarteenmadryn@gmail.com,26007
751,751,El Tablado Centro Cultural,120.0,eltabladocentrocultural@gmail.com,26007
752,752,La Puerta,0.0,espaciopiramides@gmail.com,26007
753,753,Centro Cultural Antu Quillen,,cecil.cuis@gmail.com,26014
754,754,El Rincón Cultural,,bf_eze@hotmail.com,26021
755,755,"Espacio Cultural ""Kultural 5""",,marialauraenglish@gmail.com,26021
756,756,Centro Cultural Comodoro Rivadavia,0.0,centrocultural@comodoro.gov.ar,26021
757,757,Centro Cultural Mujeres de la Patria,,mariajulietamiranda87@gmail.com,26021
758,758,Actitud Pandora,,actitudpandora@gmail.com,26021
759,759,Calidez Cultural,,alechiplesbil@gmail.com,26035
760,760,Centro Cultural “Franco Venturi”,,francoventuricultura@gmail.com,26077
761,761,Centro Cultural Provincial ,, redesculturachubut@gmail.com,26077
762,762,El Árbol Asociación Cultural,180.0,mensajerodelarbol@gmail.com,26077
763,763,Centro Cultural Político y Social Espacio Abierto Nunca Menos,,carlos_cambag@hotmail.com,30008
764,764,Centro Cultural La Botica,60.0,centroculturallabotica@gmail.com,30008
765,765,Pueblo Viejo,200.0,fundacionelfarocultural@gmail.com,30015
766,766,charruarte centro socio cultural,,charruarte@hotmail.com.ar,30015
767,767,Centro Cultural Municipal,0.0,cultura@chajari.gov.ar,30028
768,768,Casa de la Cultura Cesar Osvaldo Penalver,0.0,federacioncultura@yahoo.com.ar,30028
769,769,CENTRO CULTURAL ALAS,,,30056
770,770,San Benito Puerto Arte,0.0,sonialujana@yahoo.com.ar,30056
771,771,Centro Cultural Municipal Juan L. Ortiz,0.0,,30084
772,772,Casa De La Cultura de Entre Ríos ,200.0,amigoscasaculturaentrerios@yahoo.com.ar,30084
773,773,La Casita de los Gurises de mi Barrio,,virciancastillo@gmail.com,30084
774,774,Club Social Parana,0.0,,30084
775,775,Centro Cultural y de Convenciones La Vieja Usina,450.0,laviejausina@entrerios.gov.ar,30084
776,776,Centro Cultural La Hendija,100.0,difusionindependiente@gmail.com,30084
777,777,Centro Cultural Gloria Montoya,400.0,prensa@culturaparana.gov.ar,30084
778,778,Parientes Del Bar,,parientesdelbarcultural@gmail.com,30084
779,779,Tierra Bomba,,,30084
780,780,Casa de la Cultura Concepción Del Uruguay - E.R.,0.0,,30098
781,781,Alianza Francesa,,alianzafrancesa.cdelu@gmail.com,30098
782,782,Yotivenco espacio,,marifefranco@yahoo.com,30098
783,783,"Mixtura, Espacio Cultural",,congreso601@gmail.com,30105
784,784,Nuevo Espacio Cultural,,ramiroluissalinas@hotmail.com,30105
785,785,El Fuelle Casa Cultural,,lolocanflyy@gmail.com,34014
786,786,Grupo Mozart,,grupomozartformosa@yahoo.com,34014
787,787,Centro Cultural Galpón  ,0.0,,34014
788,788,Centro Cultural del Mercado,0.0,,34014
789,789,Centro Cultural Jose Maria Lesbegueris,,,34056
790,790,Centro Cultural Héctor Tizón,120.0,centroculturaltizon@gmail.com,38021
791,791,Centro Cultural Martin Fierro Del Complejo Educativos Jose Hernandez,999.0,produccionesflg@gmail.com,38021
792,792,Galpones Recuperados Tupaj Katari,,,38021
793,793,Centro Cultural Municipal Éxodo Jujeño,279.0,,38021
794,794,Casa De Las Letras Espacio Cultural,,casadelasletrasjujuy@gmail.com,38021
795,795,Centro Cultural Jorge Cafrune,0.0,,38021
796,796,Teatro Sociedad Española,300.0,socespjujuy@hotmail.com,38021
797,797,Coquena Centro Cultural,100.0,centroculturalcoquena@gmail.com,38021
798,798,Centro Cultural La Mar en Coche,100.0,lamarencochejujuy@gmail.com,38021
799,799,Centro Cultural Pachakute,,,38021
800,800,Centro Cultural Casa Taller – Cerro Las Rosas,,,38021
801,801,Centro Cultural Arte Ballet,,lau_preyra@live.com.ar,38021
802,802,Casa del Tantankuy,50.0,tantanakuy@arnet.com.ar,38028
803,803,Fundación Jama: Espacio Cultural-La Esquina-. ,,,38063
804,804,"MULTIESPACIO CULTURAL ""NUEVA TRADICION"" ",,,38063
805,805,La Campana Teatral ,200.0,lacampanateatral@gmail.com,38094
806,806,CENTRO CULTURAL TARINAKUY,,cicchittiana@yahoo.com.ar,38094
807,807,Espacio Cultural Comunitario – Comparsa los Caprichosos de Tilcara,,,38094
808,808,Espacio Cultural De Ida y Vuelta,,,42021
809,809,Espacio Arte Propio,,artepropiosr@gmail.com,42021
810,810,Taller Rayuela,,,42021
811,811,Espacio de Arte GRIS,,,42021
812,812,Centro Cultural Municipal,0.0,,42021
813,813,Espacio Arte Propio,,culturayeducaciongp@gmail.com,42105
814,814,Recrearte,,tachimanera@hotmail.com,42140
815,815,Centro Cultural Esmeralda ,,,46007
816,816,Pitcher Cultural,0.0,,46014
817,817,Casa Güemes,,,46014
818,818,Casa Qumanta,,casaqumanta@gmail.com,46014
819,819,Centro Cultural 9 de Marzo. Los Palacios,,serimpecable@hotmail.com,46028
820,820,Club Gimnasia y Esgrima,0.0,,50007
821,821,Centro Cultural Israelita de Mendoza - Sala Ana Frank,60.0,cculturalisraelitamza@gmail.com,50007
822,822,Espacio de Fotografía Máximo Arias ,,espaciocontemporaneodearte@gmail.com,50007
823,823,Centro Catalan,0.0,info@centrecatalan.com.ar,50007
824,824,Casa Colmena,,multitallerdeartesyoficios@gmail.com,50007
825,825,LOS 2 AMIGOS CULTURAL,,,50007
826,826,"CENTRO CULTURAL ""HOMBRITO ESTANZUELA""",,damianibazeta@hotmail.es,50021
827,827,Centro Cultural Matesis,0.0,centroculturalmatesis@yahoo.com.ar,50021
828,828,Casa Violeta ,60.0,andremarias@yahoo.com.ar,50021
829,829,Centro Cultural Dese el Ferro ,,noelibaiardi@gmail.com,50028
830,830,Centro Cultural Pascual Lauriente,200.0,mayoleva@yahoo.com.ar,50028
831,831,Centro Cultural Lagunita,,guilleservera@gmail.com,50028
832,832,Espacio Cultural Julio Le Parc ,350.0,espacioculturalleparc@gmail.com,50028
833,833,La casita colectiva,,lacasitacolectiva@gmail.com,50028
834,834,Centro Cultural de Uspallata ,0.0,,50049
835,835,El Origen de i,,elorigendei@gmail.com,50063
836,836,Teatro Leonardo Favio,250.0,teatrochacras@gmail.com,50063
837,837,Espacio Ekeko Cultural,,teatromartinmontero1@gmail.com,50063
838,838,Espacio Cultural Los Chinos,,,50070
839,839,Centro Cultural Argentino,,cearsanrafael@gmail.com,50105
840,840,Unísono espacio de arte,,unisonoarteydiseno@yahoo.com,50105
841,841,Casa de Cultura,0.0,,50126
842,842,Salón de actos Municipal,,,50042
843,843,Centro Cultural Leneas,,,54021
844,844,Paseo Cultural La Terminal,600.0,direcciondeaccionypc@gmail.com,54028
845,845,Centro Cultural Misiones  Vicente Cidade ,,solalba@live.com,54028
846,846,Paseo Bosetti,0.0,,54028
847,847,Peña Itapúa ,200.0,,54028
848,848,Casa Matriz,,,54028
849,849,Espacio Mbopí,0.0,,54042
850,850,Centro Social y Cultural Paraguayo,0.0,,54042
851,851,Colectivo Cultural y Comunitario del Monte,,gaby_bersuit13@hotmail.com,54042
852,852,Asociación Civil El Centenario Educación para el Desarrollo de Eldorado,80.0,accedealdesarrollo@yahoo.com.ar,54042
853,853,Centro Cultural Ladislao Ziman,0.0,,54063
854,854,ArteRoga. Multiespacio Cultural.,,marhedman@yahoo.com,54063
855,855,Galpon de la Murga del Monte,200.0,murgadelmonte@yahoo.com.ar,54091
856,856,Federación de Colectividades de Obera,,federacion@fiestadelinmigrante.com.ar,54091
857,857,Espacio Cultural Yopará,,espacioyopara@gmail.com,54112
858,858,Municipalidad de 25 de Mayo,0.0,,54119
859,859,Centro Cultural de Cultral Co,700.0,,58035
860,860,Arpillera Centro Cultural,60.0,arpilleranqn@yahoo.com.ar,58035
861,861,Espacio Cultura Don. Gregorio Álvarez,300.0,casamuseogregorioalvarez@gmail.com,58035
862,862,Casa Popular Arturo Jauretche,,,58035
863,863,Centro Cultural Provincial Juan Bautista Alberdi,,culturanqn@neuquen.gov.ar,58035
864,864,Fundacion Fabrica de Artistas,,info@fundacionfabricadeartistas.org,58035
865,865,Pehuenia Cultural del Neuquen,,,58035
866,866,Centro Cultural Desafios,297.0,academiadesafios@hotmail.com,58035
867,867,La Conrado Centro Cultural,80.0,contacto@laconrado.com.ar,58035
868,868,sala El Angel Gris,0.0,,58035
869,869,Centro Cultural Gregorio Alvarez,126.0,Lilian.r.costantino@ypf.com,58035
870,870,Centro Cultural,0.0,,58035
871,871,ArteFactum. Nodo de Arte y Experimentación,,artexfactum@gmail.com,58056
872,872,Manta residencia taller ,,tallermanta@gmail.com,58056
873,873,Centro de Iniciacion Artistica,0.0,,58056
874,874,Centro Cultural Cotesma,0.0,cccotesma@smandes.com.ar,58056
875,875,Casa de la Cultura,0.0,cultura@villalaangostura.gov.ar,58070
876,876,Casa de la Cultura,150.0,cultura@zapala.gob.ar,58112
877,877,El Acopio ,40.0,noe.colombina@gmail.,62007
878,878,centro cultural solidario y popular Lavalle ,,,62007
879,879,Centro Cultural Eduardo Galeano,90.0,centrogaleano@gmail.com,62021
880,880,Surprise,,eventos@surprise.com.ar,62021
881,881,Avivarte Centro Cultural Comunitario,,,62021
882,882,Centro Cultural Puentes,,centroculturalpuentes@gmail.com,62021
883,883,Asociación Grupo Cre-Arte,,creartebrc@gmail.com,62021
884,884,Circópolis Centro Cultural,,circopoliscentrocultural@outlook.com,62021
885,885,La Casita Azul - Espacio Cultural,0.0,lacasitaazulbariloche@gmail.com,62021
886,886,Circulo Comunitario Italo - Argentino,80.0,caraduplacirco@hotmail.com,62028
887,887,Casa de la Cultura,60.0,casadelaculturacatriel@gmail.com,62042
888,888,Espacio Popular Pocho Lepratti,,libertadoresdeamericalatina@gmail.com,62042
889,889,Centro Cultural General San martin,,,62042
890,890,Centro Cultural Municipal,240.0,comunicacion.culturacipo@gmail.com,62042
891,891,Casa de la Cultura,,casadelaculturagr@gmail.com,62042
892,892,Centro Cultural Comunidad Danzalibre,200.0,danzalibre@hotmail.com,62042
893,893,Centro Municipal de Arte CEMAR,300.0,cultura@generalroca.gov.ar,62042
894,894,Carlos Canto,70.0,dychuergo@gmail.com,62042
895,895,Centro Municipal de Cultura,300.0,culturasao@yahoo.com.ar,62077
896,896,Casa Cultural Pedro Lavaque,,arq.pmarcon@gmail.com,66021
897,897,Doña Argentina Espacio Cultural,120.0,,66021
898,898,Centro Cultural Minga,,colectivomingasalta@gmail.com,66028
899,899,Jagger Espacio Cultural,,,66028
900,900,"Espacio cultural y feria Punto Artesanal, bien cultural",,,66028
901,901,Fundacion Raices Nuevas,,fundacionraicesnuevas@yahoo.com.ar,66028
902,902,Usina Cultural ,288.0,agendausina@gmail.com,66028
903,903,Centro Cultural Pata Pila,,,66028
904,904,Kunu`u Espacio para las Infancias,,,66028
905,905,C.I.Arte,,,66049
906,906,Centro Cultural De Los Pueblos Originarios,,,66056
907,907,Casa Municipal de Cultura,0.0,culturaoran@gmail.com,66126
908,908,CABILDO DEL DUENDE AMIGO,,fabiopzpz@hotmail.com,66147
909,909,Espacio Cultural El Caedero de San Carlos,50.0,elcaederodesancarlos@gmail.com,66154
910,910,Casa de la Cultura A.WA.WA. ,,awawabm@hotmail.com,66070
911,911,Complejo Auditorio Juan Victoria,976.0,auditoriojuanvictoria@sanjuan.gov.ar,70028
912,912,La Casa Roja Espacio,,lacasarojacontacto@gmail.com,70028
913,913,Centro Cultural Estacion San Martín,0.0,,70028
914,914,Patricias Espacio,,patriciasespacio@gmail.com,70028
915,915,Espacio Cultural Cadiz,,,70028
916,916,Centro Cultural Augusto Conte Grand,,,70028
917,917,La Tetera,,lateteratallerdeceramica@gmail.com,70028
918,918,"Centro cultural Raúl Carrizo ""La Fraternidad""",,carrizodayana2827@gmail.com,70042
919,919,Centro Cultural El Barro,,"elbarro.centrocultural@gmail.com,abertazzo@hotmail.com",70084
920,920,Centro Cultural San Francisco Del Monte de Oro,,,74007
921,921,Monte libre,,estebanlsanchez@yahoo.com.ar,74021
922,922,Espacio Cultural Coloniarte,,multiespacio.coloniarte@gmail.com,74035
923,923,Portal 271 Centro Cultural,,portal271cc@gmail.com,74035
924,924,Casa Del Poeta Antonio Esteban Agüero,120.0,casadelpoeta.aea@gmail.com,74049
925,925,Asociacion Civil Amigos de Merlo,,sfamigosdemerlo@gmail.com,74049
926,926,Centro Cultural Tecla Funes ,,,74056
927,927,Espacio Cultural Cuyo Arte,,bettylucero78@gmail.com,74056
928,928,Centro Cultural Puente Blanco,393.0,ccpuenteblanco@gmail.com,74056
929,929,Centro Cultural La Vía,0.0,vicos333@hotmail.com,74056
930,930,La Casa Azul. Periferia de Arte,,,74056
931,931,La Mostrijaus,,lamostrijaus@gmail.com,74056
932,932,La Tambora Cultural,,eugeniaojedapizzi@gmail.com,74056
933,933,Centro Cultural Puente Blanco- Sala Hugo del Carril,0.0,,74056
934,934,Casa De Las Culturas ,,,74056
935,935,Galpón Murguero,0.0,penadianabeatriz@gmail.com,78014
936,936,Cacho Camino,0.0,jbpardo@hotmail.com,78014
937,937,Centro Cultural Las Heras,0.0,subsec.cultura@mlhsc.gob.ar,78014
938,938,Ventarrón Cultural,,josesilvadelsur@gmail.com,78014
939,939,Casa de la Cultura de Pico Truncado,,"josesilva@argentina.com,",78014
940,940,"Espacio
Malvinas",,andresfernandezcabral@hotmail.com,78021
941,941,Asociacion Cultural Discepolin,,risolia@hotmail.com.ar,78021
942,942,Complejo Cultural Santa Cruz,,,78021
943,943,Centro Cultural Municipal Renato Nestiero Maré,0.0,,78021
944,944,Centro Cultural Linda Vista,,lindavistarecords@gmail.com,78028
945,945,Centro Cultural Municipal,0.0,culturaelcalafate@gmail.com,78028
946,946,Sala Cultural Chabás,300.0,cultura@chabas.gob.ar,82014
947,947,Tiza y Karbón Espacio Cultural,,,82021
948,948,Centro Cultural La Máscara,50.0,cclamascara@gmail.com,82021
949,949,Centro Cultural Municipal Sala Sociedad Italiana,270.0,centrocultural@rafaela.gob.ar,82021
950,950,Jauss Espacio de Arte,30.0,jaussespacio@gmail.com,82021
951,951,Salón del Museo,250.0,comunaramona@interclass.com.ar,82021
952,952,Amigos del Arte - Centro de Cultura,180.0,,82021
953,953,Espacio Cultural El Bodegón,,rossetto.franxul@gmail.com,82021
954,954,Centro Cultural Norberto J. Luppi,0.0,,82028
955,955,Club Social Villa Constitución,,clubconstitucion@gmail.com,82028
956,956,Centro Cultural Comunal María Teresa,0.0,gastonarcuri@hotmail.com,82042
957,957,Centro Cultural El Gaucho,35.0,oscarmilanesi.culturasi@gmail.com,82042
958,958,Centro Cultural Municipal,0.0,cultura@venadotuerto.gov.ar,82042
959,959,Complejo Cultural Las Toscas,0.0,direducacion_cultural,82049
960,960,El Remanso Casa Cultural Independiente,40.0,agostinaremanso@gmail.com,82049
961,961,Errar es divino,0.0,erraresdivino@gmail.com,82049
962,962,Centro Comunal ,0.0,comunavg_@yahoo.com.ar,82049
963,963,Espacio Cultural Casablanca,0.0,saezluis@yahoo.com,82063
964,964,"""Centro Cultural Voces Comunitarias Com Caia""",,elbochaderecreo@gmail.com,82063
965,965,El Jardín de los Presentes Casa Arte,,eljardindelospresentescasaarte@gmail.com,82063
966,966,Curadora. Residencia/Taller,,lacuradora@yahoo.com.ar,82063
967,967,DEMOS Comunidad Cultural Emergente,200.0,contacto@demoscce.org.ar,82063
968,968,Centro Cultural y Recreativo Alto Verde,,nicojc12@gmail.com,82063
969,969,Casa de la Cultura,0.0,,82063
970,970,Púrpura - Proyecto Artísitico Pedagógico,,info@purpuraproyecto.com,82063
971,971,Proyecto Trucha,,contacto@proyectotrucha.com.ar,82063
972,972,Centro Cultural y Social El Birri,0.0,programacionbirri@gmail.com,82063
973,973,Centro Cultural Provincial Francisco Paco Urondo,800.0,cencultu@gmail.com,82063
974,974,La Moreno Centro Cultural,285.0,salamorenosantafe@gmail.com,82063
975,975,CLUB ATLÉTICO VILLA DORA,420.0,,82063
976,976,Centro Cultural Roma,250.0,cultural.roma@yahoo.com,82063
977,977,Ochava Roma,0.0,ochavaroma@gmail.com,82063
978,978,Uhlala Café Concert,,uhlalacafeconcert@gmail.com,82063
979,979,Centro Cultural 12 de Septiembre,0.0,culturatome@yahoo.com.ar,82063
980,980,Sala Cultural José María Vazquez,200.0,cultura@sauceviejo.gob.ar,82063
981,981,Espacio Crux,,cruxtienda@hotmail.com,82070
982,982,La Juana Sala Cultural Independiente,130.0,allende_adriana@hotmail.com,82070
983,983,Centro Cultural Municipal Dante Alighieri,300.0,cultura@esperanza.gov.ar,82070
984,984,Centro Cultural,0.0,areajoven@franck.gob.ar,82070
985,985,Casa de la Cultura,0.0,casadelaculturafjs@gmail.com,82070
986,986,Ciclo Cultural Arte Viva,150.0,fundacionarteviva@gmail.com,82070
987,987,Centro Cultural. Pueblo Esther,0.0,centroculturalpuebloesther@gmail.com,82084
988,988,FUNDACION UNIDOS POR LA MUSICA,,fundacionunidosporlamusica91@gmail.com,82084
989,989,Centro Cultural PAR,,progandresrosario@gmail.com,82084
990,990,En Jaque,,almadamarina1@gmail.com,82084
991,991,Asociación Civil Facultad Libre,,,82084
992,992,Sahuira,,sahuira@gmail.com,82084
993,993,CasArijón Espacio Cultural,,cencultu@gmail.com,82084
994,994,LA USINA,,hola@lausinasocial.org,82084
995,995,Madma espacio,,madmaespacio@gmail.com,82084
996,996,Rayito de Sol,150.0,rayitodesolcreciendo@gmail.com,82084
997,997,Asociacion Civil Jóvenes Por Rosario,,agustinpoussif@hotmail.com,82084
998,998,Espacio Luna,,espacioluna@doblea.com.ar,82084
999,999,CENTRO CULTURAL GUEMES,659.0,hola@asfaltoproducciones.com,82084
1000,1000,Club Argentino Brasileño,,clubargentinobrasileiro@hotmail.com,82084
1001,1001,Plataforma Lavarden ,400.0,contacto@lavarden.com.ar,82084
1002,1002,COMPLEJO CULTURAL ATLAS,,contacto@ccatlas.org.ar,82084
1003,1003,El Aserradero Rosario,95.0,elaserraderoprensa@gmail.com,82084
1004,1004,Centro Cultural Parque Alem,0.0,,82084
1005,1005,Distrito Siete,200.0,distritosieterosario@gmail.com,82084
1006,1006,Estación De Los Títeres ,,petrellisu@gmail.com.ar,82084
1007,1007,"La Tornería, Espacio Cultural",,e.c.latorneria@gmail.com,82084
1008,1008,Bohemia bar cultural,190.0,,82084
1009,1009,La Peruta ,,laperutaproduccion@hotmail.com.ar,82084
1010,1010,Club Social y Cultural QueTePasa,,,82084
1011,1011,Centro Cultural La Nave,0.0,culturallanave@gmail.com,82084
1012,1012,PUERTO DE IDEAS,,puertodemasideas@gmail.com,82084
1013,1013,Centro Cultural Roberto Fontanarrosa,0.0,,82084
1014,1014,Galpón Tablada,,,82084
1015,1015,Espacio Cultural Franja Del Río ,,cencultu@gmail.com,82084
1016,1016,A´Ki Sala Cultural,,ma_giordanoprem@live.com,82084
1017,1017,La Casita Rosario,,lacasitarosario@gmail.com,82084
1018,1018,Centro Cultural Parque España - CCPE/AECI,500.0,info@ccpe.org.ar,82084
1019,1019,Centro Cultural de La Toma,0.0,cclatoma@gmail.com,82084
1020,1020,Micelio Producción de Expresión,,micelioexpresionproduccion@gmail.com,82084
1021,1021,Casa de la Cultura,0.0,casadelaculturasoldini@gmail.com,82084
1022,1022,Germinal Terrakius,45.0,auguizquierdo@gmail.com,82084
1023,1023,Centro Cultural Soc. Italiana,300.0,lilianaaro@hotmail.com.ar,82091
1024,1024,Centro Cultural Videla,80.0,videlaccultural@gmail.com,82112
1025,1025,Estación Cultural,,estacionculturalcc@gmail.com,82119
1026,1026,Descubrir Centro Cultural,0.0,vanesad39@gmail.com,82119
1027,1027,Buenas Raíces Club Cultural,150.0,info@buenas-raices.com.ar,82119
1028,1028,Sala Kumelén de Carlos Pellegrini,,,82126
1029,1029,El Desarmadero Espacio Cultural,0.0,desarmaderoec@gmail.com,82126
1030,1030,La Quinta,150.0,laquintavera@gmail.com,82133
1031,1031,Centro Cultural Telesita,,patriciaailan@hotmail.com,86035
1032,1032,Centro Cultural Homero Manzi,150.0, homeromanzicentrocultural@gmail.com,86035
1033,1033,Centro Intercultural de Ecología Social (CIES),,juanff01@hotmail.com,86049
1034,1034,El Observatorio,,asociacionastrosantiago@gmail.com,86049
1035,1035,Centro Cultural Del Bicentenario,200.0,ccb.sgodelestero@gmail.com,86049
1036,1036,DIVAS Diversidad Valiente Santiagueña,70.0,divasantiagodelestero@gmail.com,86049
1037,1037,Centro Cultural Gral. San Martin,0.0,,86147
1038,1038,Gotitas de ternura cultural,,gotitasdeternuraagcm060@gmail.com,90014
1039,1039,Centro Cultural La Cocha ,0.0,,90049
1040,1040,Casa de la Cultura San Isidro de Lules,296.0,juanantoniotoledo@gmail.com,90063
1041,1041,Casa de la Cultura,650.0,,90063
1042,1042,Fundación para el desarrollo de las artes escénicas - FUNDAE,,info@fundaetucuman.org,90084
1043,1043,LA CASONA,,,90084
1044,1044,Acuarelas del sur,,acuarelasdelsur@gmail.com,90084
1045,1045,La Soñada Epacio Cultural y Producciones,,lukcuellar@gmail.com,90084
1046,1046,PUERTO CULTURAL LIBERTAD,,,90084
1047,1047,Magic Music Box,,magicmusicboxtv@gmail.com,90084
1048,1048,Fundación Mate Cocido,,centromatecocido@yahoo.com,90084
1049,1049,La Colorida,53.0,lacolorida@gmail.com,90084
1050,1050,Centro Cultural Leticia,0.0,,90084
1051,1051,El Arbol de Galeano-Club Cultural,0.0,,90084
1052,1052,Casa de la Cultura Viejo Tafí,0.0,,90105
1053,1053,Centro Cultural Aconquija,,ccaconquija@gmail.com,90119
1054,1054,Casa de la Cultura Yerba Buena,0.0,,90119
1055,1055,Comedor Cultural San Jose Solidario,,dozmariano@gmail.com,90119
1056,1056,Centro Cultural Yaganes,0.0,,94007
1057,1057,Centro Cultural Leandro N. Alem,0.0,,94007
1058,1058,Refugio del Arte Fueguino,,estefas_ali@hotmail.com,94007
1059,1059,MAGMA Espacio Cultural,,estoesmagma@gmail.com,94007
1060,1060,Casa de la Cultura Sala Angela Loij,431.0,cultura@riogrande.gov.ar,94007
1061,1061,Centro Cultural Esther Fadul,0.0,centroculturalfadul@ushuaia.gov.ar,94014
1062,1062,Casa de la Juventud (ex Medio Caño),0.0,,94014
1063,1063,Centro Cultural Nueva Argentina,,ccnuevaargentina@gmail.com,94014
1064,1064,Casa De la Cultura Enriqueta Gastelumendi,260.0,,94014
1065,1065,El Planeta de Origen,,lplanetadeorigen@gmail.com,94014
1066,1066,Centro Cultural ACTUAR ,,,94014
